user_id,age,gender,location
1,56,Male,Germany
2,46,Female,India
3,32,Male,Germany
4,25,Male,USA
5,38,Male,UK
6,56,Male,India
7,36,Male,Canada
8,40,Male,USA
9,28,Male,Germany
10,28,Female,USA
11,41,Male,India
12,53,Male,Germany
13,57,Female,UK
14,41,Female,USA
15,20,Female,India
16,39,Male,Canada
17,19,Female,Germany
18,41,Male,USA
19,47,Male,USA
20,55,Male,UK
21,19,Male,UK
22,38,Female,Canada
23,50,Female,Canada
24,29,Male,India
25,39,Male,India
26,42,Male,Canada
27,44,Female,Canada
28,59,Male,Germany
29,45,Male,UK
30,33,Female,India
31,32,Female,UK
32,20,Male,UK
33,54,Female,Canada
34,24,Female,Germany
35,38,Male,USA
36,26,Female,Germany
37,56,Male,Germany
38,35,Female,UK
39,21,Male,Germany
40,42,Male,India
41,31,Male,UK
42,26,Female,India
43,43,Male,USA
44,19,Female,UK
45,37,Male,USA
46,45,Male,UK
47,24,Female,Canada
48,25,Male,Germany
49,52,Male,Canada
50,31,Female,USA
51,34,Male,Germany
52,53,Male,UK
53,57,Male,Germany
54,21,Male,India
55,19,Female,Germany
56,23,Female,India
57,59,Male,Germany
58,21,Female,India
59,46,Male,USA
60,35,Female,Canada
61,43,Male,UK
62,51,Male,Germany
63,27,Male,Canada
64,53,Male,UK
65,31,Male,UK
66,48,Male,India
67,32,Female,USA
68,25,Male,USA
69,31,Female,Canada
70,40,Male,USA
71,57,Female,Germany
72,38,Female,USA
73,33,Female,Canada
74,35,Male,USA
75,41,Male,Germany
76,43,Female,India
77,42,Male,Canada
78,58,Female,India
79,46,Male,India
80,32,Female,India
81,18,Female,UK
82,42,Male,UK
83,24,Female,India
84,26,Male,Canada
85,41,Female,Germany
86,18,Female,Germany
87,25,Male,USA
88,41,Male,Canada
89,28,Male,UK
90,34,Female,India
91,25,Male,USA
92,52,Female,Germany
93,52,Female,UK
94,50,Male,UK
95,22,Male,India
96,59,Female,Germany
97,56,Female,Canada
98,58,Male,UK
99,45,Male,India
100,24,Male,Canada
101,26,Male,Germany
102,25,Male,UK
103,29,Female,Canada
104,51,Female,Canada
105,50,Female,Canada
106,40,Female,UK
107,41,Male,UK
108,54,Male,USA
109,52,Male,Germany
110,57,Female,India
111,39,Female,Canada
112,44,Male,USA
113,52,Male,India
114,18,Female,USA
115,52,Female,UK
116,54,Male,Canada
117,31,Male,India
118,20,Female,India
119,18,Male,India
120,22,Male,India
121,43,Male,India
122,31,Female,USA
123,56,Female,Canada
124,44,Female,UK
125,26,Female,UK
126,32,Female,UK
127,32,Female,UK
128,43,Female,USA
129,59,Male,Germany
130,30,Male,Canada
131,49,Male,India
132,56,Male,Germany
133,49,Male,UK
134,21,Male,Germany
135,47,Male,Canada
136,54,Female,India
137,40,Female,India
138,56,Male,Canada
139,32,Male,Canada
140,46,Female,UK
141,53,Male,India
142,30,Male,Germany
143,49,Female,USA
144,24,Male,USA
145,39,Female,Canada
146,45,Male,UK
147,19,Female,USA
148,59,Female,India
149,23,Female,Canada
150,45,Male,Germany
151,45,Female,Canada
152,37,Male,Germany
153,47,Male,Canada
154,28,Male,Canada
155,45,Male,Canada
156,42,Female,Germany
157,56,Female,Germany
158,50,Male,Canada
159,18,Male,USA
160,44,Female,UK
161,30,Male,UK
162,58,Female,UK
163,20,Male,Germany
164,56,Male,Germany
165,23,Female,USA
166,25,Male,UK
167,44,Female,UK
168,26,Male,Canada
169,54,Male,Germany
170,50,Male,UK
171,59,Female,USA
172,41,Male,USA
173,32,Male,UK
174,49,Male,Germany
175,49,Male,USA
176,41,Female,Canada
177,58,Female,USA
178,29,Male,India
179,56,Female,India
180,19,Male,Germany
181,20,Male,UK
182,54,Male,Germany
183,34,Female,Germany
184,19,Female,Germany
185,19,Female,Germany
186,45,Female,Canada
187,40,Female,Canada
188,54,Female,USA
189,49,Female,India
190,50,Female,Germany
191,18,Female,USA
192,36,Male,India
193,19,Female,UK
194,43,Female,Canada
195,49,Female,India
196,23,Female,UK
197,49,Female,India
198,21,Female,Canada
199,28,Female,Canada
200,34,Female,USA
201,55,Female,Germany
202,41,Female,India
203,22,Female,India
204,51,Male,UK
205,23,Male,Canada
206,39,Female,India
207,28,Female,Canada
208,33,Male,India
209,50,Female,USA
210,26,Male,Germany
211,23,Male,India
212,33,Male,Canada
213,46,Male,USA
214,20,Male,India
215,37,Female,UK
216,53,Male,Germany
217,36,Female,India
218,43,Female,USA
219,20,Male,UK
220,36,Male,USA
221,37,Female,USA
222,49,Male,UK
223,24,Male,USA
224,58,Female,UK
225,50,Female,India
226,57,Male,UK
227,56,Female,UK
228,35,Male,Germany
229,57,Male,UK
230,18,Male,UK
231,28,Female,India
232,45,Female,Germany
233,42,Female,Canada
234,40,Female,India
235,48,Female,India
236,47,Male,Canada
237,59,Male,UK
238,52,Male,USA
239,24,Male,Germany
240,33,Female,USA
241,43,Male,Canada
242,19,Female,India
243,18,Male,India
244,29,Female,Germany
245,22,Female,India
246,54,Male,India
247,49,Male,Germany
248,26,Male,Germany
249,58,Male,Canada
250,52,Female,India
251,36,Male,India
252,33,Male,Canada
253,20,Female,UK
254,37,Male,UK
255,41,Male,UK
256,50,Male,Canada
257,41,Male,India
258,28,Male,Canada
259,25,Female,Canada
260,53,Male,UK
261,55,Male,USA
262,57,Male,India
263,37,Male,UK
264,52,Male,USA
265,42,Female,USA
266,52,Male,Germany
267,42,Female,India
268,46,Female,USA
269,35,Male,UK
270,35,Male,Germany
271,19,Male,India
272,52,Male,Canada
273,33,Female,UK
274,58,Male,USA
275,53,Male,USA
276,50,Male,UK
277,21,Male,USA
278,50,Male,Germany
279,31,Male,India
280,38,Female,Germany
281,37,Female,USA
282,25,Male,Canada
283,24,Male,India
284,20,Male,India
285,34,Female,UK
286,50,Male,UK
287,29,Female,Canada
288,39,Male,India
289,39,Male,Canada
290,47,Male,UK
291,55,Male,UK
292,55,Female,India
293,25,Female,Germany
294,44,Male,USA
295,44,Male,UK
296,51,Female,UK
297,38,Female,Germany
298,47,Female,Germany
299,50,Female,Canada
300,45,Male,Canada
301,50,Female,USA
302,22,Male,USA
303,36,Female,India
304,21,Female,Canada
305,52,Female,UK
306,34,Female,Canada
307,45,Female,UK
308,47,Male,Germany
309,46,Male,Canada
310,23,Female,Germany
311,52,Female,USA
312,58,Male,USA
313,54,Female,India
314,41,Female,Canada
315,46,Male,Germany
316,48,Female,UK
317,52,Female,USA
318,50,Male,USA
319,38,Male,UK
320,49,Male,Germany
321,40,Female,Germany
322,50,Male,Canada
323,20,Male,Canada
324,35,Male,India
325,42,Male,USA
326,59,Male,Canada
327,48,Male,Germany
328,20,Female,UK
329,57,Female,Germany
330,41,Male,USA
331,49,Male,Germany
332,39,Male,India
333,40,Female,USA
334,19,Female,UK
335,44,Female,India
336,59,Female,USA
337,19,Female,UK
338,43,Female,India
339,34,Female,India
340,57,Female,USA
341,50,Female,Canada
342,26,Male,India
343,56,Male,India
344,46,Male,UK
345,59,Male,Germany
346,43,Female,USA
347,52,Female,USA
348,42,Male,Canada
349,41,Female,Canada
350,30,Male,USA
351,24,Female,Canada
352,53,Male,UK
353,37,Female,USA
354,18,Female,Canada
355,25,Male,USA
356,33,Female,Germany
357,31,Male,India
358,29,Male,USA
359,40,Male,India
360,32,Male,Canada
361,45,Female,India
362,51,Female,USA
363,19,Female,Germany
364,49,Male,Canada
365,40,Female,USA
366,39,Male,Canada
367,42,Female,UK
368,39,Female,India
369,39,Female,UK
370,59,Male,USA
371,23,Female,Germany
372,32,Female,Canada
373,54,Male,India
374,50,Female,Canada
375,25,Male,USA
376,22,Female,Canada
377,56,Male,India
378,21,Male,USA
379,23,Female,Canada
380,49,Male,Germany
381,47,Male,USA
382,52,Male,USA
383,57,Male,Germany
384,33,Male,UK
385,30,Male,India
386,59,Female,UK
387,47,Male,Canada
388,36,Male,Germany
389,34,Female,UK
390,36,Female,USA
391,45,Female,Canada
392,43,Female,Canada
393,54,Female,UK
394,43,Female,UK
395,40,Female,Germany
396,26,Male,India
397,29,Male,UK
398,18,Female,UK
399,18,Male,USA
400,51,Male,Canada
401,49,Male,India
402,42,Female,USA
403,57,Female,Germany
404,18,Male,Germany
405,33,Female,UK
406,56,Male,UK
407,22,Male,Germany
408,39,Male,UK
409,46,Male,India
410,20,Female,UK
411,29,Female,Canada
412,43,Female,UK
413,33,Male,USA
414,54,Female,India
415,39,Male,USA
416,46,Female,USA
417,31,Male,Canada
418,45,Male,India
419,22,Male,India
420,47,Female,India
421,22,Female,India
422,29,Female,India
423,33,Female,Canada
424,43,Male,UK
425,43,Female,USA
426,38,Female,India
427,56,Male,UK
428,53,Male,UK
429,50,Male,USA
430,47,Female,Canada
431,54,Male,Germany
432,40,Male,Germany
433,27,Male,UK
434,22,Female,USA
435,53,Male,Germany
436,51,Female,UK
437,48,Female,Canada
438,27,Male,Germany
439,36,Male,UK
440,49,Female,UK
441,18,Male,India
442,22,Male,Canada
443,21,Female,India
444,33,Female,USA
445,41,Male,India
446,33,Female,India
447,19,Male,Germany
448,45,Male,UK
449,49,Male,Canada
450,44,Female,India
451,37,Male,Canada
452,41,Male,India
453,29,Male,USA
454,52,Female,India
455,50,Female,Germany
456,50,Female,UK
457,54,Female,USA
458,29,Female,India
459,20,Male,Canada
460,18,Female,USA
461,50,Female,USA
462,57,Female,India
463,27,Male,USA
464,46,Female,Canada
465,30,Female,USA
466,29,Male,Canada
467,48,Female,India
468,19,Male,UK
469,52,Male,USA
470,40,Male,UK
471,34,Male,Canada
472,43,Male,USA
473,25,Female,Germany
474,46,Male,UK
475,43,Male,USA
476,27,Female,UK
477,43,Male,USA
478,51,Female,India
479,58,Female,UK
480,24,Female,Germany
481,21,Male,Germany
482,28,Male,Canada
483,46,Male,USA
484,53,Female,UK
485,42,Male,Canada
486,38,Male,UK
487,53,Male,USA
488,27,Female,Germany
489,54,Female,India
490,26,Male,Germany
491,41,Male,Canada
492,52,Male,India
493,52,Male,Canada
494,53,Female,USA
495,35,Female,India
496,56,Female,Canada
497,49,Female,USA
498,41,Male,Germany
499,40,Male,USA
500,49,Male,UK
